name,contact_email,country,salt,password_hash
Fairchild,fairchild@example.com,China,pum8kztN,78af6fe893e1d6d8b183494df1a7620931bc83d88f7a1bfa8a3bbd424f076699
Sierra Nevada Corporation,sierranevadacorporation@example.com,Canada,pxQwA1in,4cf72e3081221e8313bd7845c07d2fecbc64faca68fae3aabe973e3d50027a61
Lockheed Martin,lockheedmartin@example.com,Russia,l0nkHuNf,cace51566d7598660cef7a7a7e15b32b338bade755041f9331555108adfee73e
Rockwell International,rockwellinternational@example.com,Australia,HzwrvFwT,284753ec6f28e9b326593f5ce6f516e9dc08c793315adb0983974022887ff262
Northrop Grumman,northropgrumman@example.com,Germany,spKXyzly,a9e944526848b5c6f54aa2376e628738cb4b2e12d13d0eae58070380e6466fca
Boeing,boeing@example.com,Mexico,nIjHMos2,d5c29cac1a37ac5cb0dbb5ae30a6f58a0aac85ea2dd129b3c5b546d5afaff1e1
Beechcraft,beechcraft@example.com,Russia,G1EESr5G,cd360159a5167b8bbf13f36dfb7bb0cbb8382bb2b7b194ed81a3b0e45adadd72
De Havilland Canada,dehavillandcanada@example.com,Italy,9lXpdroA,69630e0e75e05a6d9d63404e2a52deb00dfbebbb66f83cde58dd64d6d43d9c6f
McDonnell Douglas & Boeing,mcdonnelldouglas&boeing@example.com,China,oME80UFS,5283684372458cb82e80c2641df9675b036a72df66c1a4b4a3ce676608a8a856
Learjet,learjet@example.com,Australia,UcITBkXw,98a2c40eef04f7c93751f54dadd7cf698e8424ea8ec0326b8dbeb61cd5f05e8a
Gulfstream,gulfstream@example.com,Russia,AciWL9Rw,cab2457d9a7c479666581eef5842a1ce476dd13c355e77f3b78f83d194e030d8
CASA,casa@example.com,Germany,uWEEw9sO,eec29a9aebfee7a27ef153db8d833e7ad9b6d4c7c9468f35b49e919e3c42c58c
Bell & Boeing,bell&boeing@example.com,Australia,FO2hYDP8,1b8db4c6dc1b287caeeee3229dd9e0e010ec190c39a8a310fd20d1ede5daead8
McDonnell Douglas,mcdonnelldouglas@example.com,U.S.,ysIH1ajZ,3e8a0692404021a7ee8bdca8615237db1b5b4005772bb6a3c881d7dd5c331729
General Dynamics,generaldynamics@example.com,Egypt,DrUYnXB5,2596ab33cdb01cabda566ca2173128269ebb6f3c9bdaffafd822e4919a26452f
Sikorsky,sikorsky@example.com,U.K.,7YFPCZc8,41f31c1b42d4cf31b89c7970f21e2937b7fc9a226b7dc05f48190ecc417b806f
AgustaWestland,agustawestland@example.com,Canada,uMo5kw58,6c344936af1e2caf43872d57191104bc70a7393d3defea8191cb438eb075e006
General Atomics,generalatomics@example.com,Egypt,utmoGc84,16119ded785eb204527d0d8162786b027cddc8234c85c20f76fe51138a0fcae9
Composite Engineering,compositeengineering@example.com,France,MM2OcYeZ,d5f359e27f522bf2719d1f0d6dec407162acbe827541687033da9b9e121d3a62
Bombardier,bombardier@example.com,Russia,Ttx8Zu0O,4e232ba07060cbe391e603b3c3a3f9a86c2f215a007b19cbf0b0dd8e8334e040
AeroVironment,aerovironment@example.com,Russia,0A5BHgpp,7d34b1fe62e94471344d99b276df2732c8f5cc3c111e110c6a5ac909470ad634
DZYNE Technologies,dzynetechnologies@example.com,China,6PjNu0d9,bb8d01230ddc73553f9ad50c8331b66017d3efaa69de6705da308ce40f8a1baf
Raytheon,raytheon@example.com,Japan,804ocex0,bf40d4432825f8e2ef17a2bd4331d7c1fa2e9563f41944f3b3720fcd9020447d
Cessna,cessna@example.com,Germany,HTodhVM3,8141c60fdaec6a799ca07bd1217b43ae1e27d11fcec4ae28330e1bbc7cce48f4
Cirrus,cirrus@example.com,Italy,2K6mQgL9,00ea928dc755c624579f17f7e8e5762d6f099b6c45c97e67b106a95989b511f6
Raytheon & Beechcraft,raytheon&beechcraft@example.com,Egypt,xyWVSHZS,c927cc473c7bf6699e90ff7fd78fe65abd8829c8d056751bcaf8af67e7bd2dca
Boeing & Saab,boeing&saab@example.com,Mexico,9grXP7wI,171eaf5e76425d422312f611659e392a1eb8e6645a611e111f08d95eeb042616
Bell,bell@example.com,Canada,BwpZZsCG,935da04dd9b72e1133108c92eb6b2bb47fbebe504b1ff49206cefa16bf95173b
Pilatus,pilatus@example.com,Mexico,lOwWf2Vb,15746740b2ebdd07285c4340f632edcd43e06a07e5cc0f5c710932b2046577ab
Alenia Aeronautica,aleniaaeronautica@example.com,U.S.,QiYWdqmq,fe9b035adde00128c8be4b674b311e406a182768220ad384c0aa240aac4ab641
Mil Moscow Helicopter Plant,milmoscowhelicopterplant@example.com,Russia,OFh38zjV,8fd8d2677fea754a84b10385aae5d1ddeca831dd210cc3cf6aafcab4e6d805f6
Airbus Eurocopter,airbuseurocopter@example.com,Spain,LO3vb5VQ,cb41e6fa53e0e862268adf66d29629bd492cb2d7c4a0fa9d6daa4893edf60967
Prioria Robotics,prioriarobotics@example.com,U.K.,dbR0iM7a,b4700720d64fd8570f34bdc8b154924fac80400744441579de8d50f713f81359
MMIST,mmist@example.com,Russia,ofWq312w,efe77c14a9c03f7ba76192d2af3c95a90c03dd4ca8a96a7d48c301b5e06f7c99
FLIR,flir@example.com,Japan,BF8Wb1oe,61a2c8b9cfe0d360f2cd32aea8683a48c28f8570b638cbcbbaf0a02598ebcb86
Airbus,airbus@example.com,Mexico,CfMeI1QZ,b606bd2b5b1754bdb2850c10bf0b1f94e5fe34e3f2543031699166c8b807e7ea
Bell Boeing,bellboeing@example.com,Egypt,EwdPwDDZ,b415b538a9b7ef4cdb22fde73ae17d14ed78c16d089038591516429ff2d1a631
Kaman,kaman@example.com,Russia,XVXvwJKX,4c12c03e7411bb05fdcdc23d5f22a0028a8f660019522a7b7487f8e7e60adf57
Boeing Insitu,boeinginsitu@example.com,U.K.,Dkmvmvtf,6c6aabf32fbebf469c7c0111006218a76e8435d256ab4cf3207cde1a5f8805c2
Skydio,skydio@example.com,Spain,daGDdpAp,7f128479db7e2de9bdaec620e60473b7b5953c76631e63e9dea7faa396d95bbb
"McDonnell Douglas, Northrop Grumman & Boeing","mcdonnelldouglas,northropgrumman&boeing@example.com",Egypt,uFugj3qj,76030c33cf6c2b4915e8faba88821858f9b9978668cf887598db43f4fb1b5b13
BAE Systems,baesystems@example.com,France,XKagIYwM,a5eab9d684c1b141637bed4df93c6c90ea8bf8c070fc17880ef98e8430a0ad2c
Various,various@example.com,Australia,jjGzPTPL,9a372115795b49d29d636afa92e71832148c923bb04f9aae0f04ee6ba46c0b0f
Elbit Systems,elbitsystems@example.com,Canada,5TmltLLh,09b311fecedb407b6567d5b29cdba27464533b0ac5ba35897e93d1aff832e903
L3Harris,l3harris@example.com,U.K.,YdkjHj4J,eb8134977902c76d0cfcda41e0125603c2b2276cb748c11d6d689f9423a1b7e4
Textron,textron@example.com,Mexico,dNCdTJjy,ba27cb319e3eb3bc816f5b5871d0769b9b190652d03df232da9b2b675ac1ae90
Navistar,navistar@example.com,Spain,60WsQXd0,e02268c49a7e27991a03097ede161b23aab4e0e31accc3ce2a1dfd65d67a43bd
Oshkosh Defense,oshkoshdefense@example.com,Brazil,AxkGMPA3,d28db6e681384e668aa3674a5aad3b6f1e1673c9d4215a3e166dd2d02ab21159
Force Protection,forceprotection@example.com,Egypt,cfixmKXW,16976124ee90acd0932fca84902f8c55389eab8578d4ed9e1234691d53f1352a
AM General,amgeneral@example.com,Brazil,OQbeoQwg,50f36f9461bf02b45b555c447ae20b60c47c725f912afd1aacdc90db8103bbe2
GM Defense,gmdefense@example.com,Canada,UxEusDwB,1fa469b742789f91835518285824e5c5b7773165589acb062cf1c6910724e306
Polaris,polaris@example.com,Israel,dVmTDDvd,4c465815c026a864be3754d81cbfc2eb4e1e6d49ae80a6148af52a12b5ca8990
Hagglunds,hagglunds@example.com,U.S.,IGGuwsH5,90ca68b3a266ff4672ea3b403490d386a6bbf4461ede67f6ce30854100865a60
Caterpillar,caterpillar@example.com,Russia,TaOOPdr1,09249567e65ab9f5e975849de123acbe098d3da9b98e6b1de9257a6647271ac9
Aardvark Clear Mine Ltd,aardvarkclearmineltd@example.com,Germany,Q856M0SV,55239dca4bf7cc2971a9f6fb804c5e19bf146b94caf8981fae8b6a81efdd6b93
DCD Protected Mobility,dcdprotectedmobility@example.com,Brazil,FtSWrbJJ,38d9a56587266205ec7d4f91d783581fff0eda23a3b3bff8939c3ef91511990d
Hydrema,hydrema@example.com,France,iTa2aCBB,f163e4778f5023693bcd8c5aeea2e9cb57569d49d7ede59a75337b37e2fc1adf
U.S. Army,customer58@example.com,U.S.,pQt9kaHK,d37f3457904ec3979bd66ef8aac5082c8ff7a4ef8f427229e7645cee5015eb5e
U.S. Navy,customer59@example.com,U.S.,rVK94GNJ,4deef18fb7cc91efe660c5aa0f1d1ad0024d2fd761c7128e95982e9c21824018
U.S. Air Force,customer60@example.com,U.S.,TQb543bF,f6cf782edb666c75a21cb94684387103fa1cb523abeba01f746d670e3587b840
U.S. Marines,customer61@example.com,U.S.,T79P4xyI,d008fc9becc3e53b2098159a3a7cac1b26142e828c3e2a19797443cbeb30e458
U.S. Coast Guard,customer62@example.com,U.S.,co1C9jAr,5bd59b8651b1826a54be9979b79425ff3fbc43df211b35e1ccec8e91d655c0a6
U.S. Space Force,customer63@example.com,U.S.,9HONR6Nv,9c1c1c5f75ce0d42d7ffcef6562bbf5c4b4fe2c95e3d4c81e99dfd43a0a5d8c6
U.K. Army,customer64@example.com,U.K.,a14WeNvs,30393d1b6ae8d2f6aacc86ccd24ecd004647edf4f08c2ae1a5fbf0fb89571665
U.K. Navy,customer65@example.com,U.K.,aK7H0nVA,28dcc4570f2623cc7ef38d01cc357de76cabb3fc12686749be814fadeb991fa2
U.K. Air Force,customer66@example.com,U.K.,kErHBeHv,52503f78f1aa2a138d2f088acc0281c73dfd09fca93aa9dff5ac8430231fc611
U.K. Marines,customer67@example.com,U.K.,DOpXq84A,7ecc7d0fa08eded7e55c84e0f6c6e8a897bd1c0e047421cef42a496e805f758e
U.K. Coast Guard,customer68@example.com,U.K.,oopMr5lr,3d2248376f579785ba1a90d5c36166ca2e19aa5de39185d9322091de257b1f86
U.K. Space Force,customer69@example.com,U.K.,lO3s47Pg,c7e6ee89511924076f0169c3367cdb54e8e7a2db9010ddec12a119fbfc5d63b8
Germany Army,customer70@example.com,Germany,9i7o11XF,6fce3d21bec75e9ff7800290630be6fe01cea5a340868f1023c43910331f5478
Germany Navy,customer71@example.com,Germany,lFLTlDzk,6e5bfa63f482d7807f9f0ae7ab1bac6fdb40fa29a681311937bf9ac40435cb61
Germany Air Force,customer72@example.com,Germany,DmUhLOOa,d9ea805aebb395bede8bc6c0f9959e2feafda1ef44031838f9e7fcc8c5fc4de5
Germany Marines,customer73@example.com,Germany,cgz2xs5N,21833ce5c50d81efad6e01842e05dcaffdc1fa08f124cf7f2992a0794d5f5456
Germany Coast Guard,customer74@example.com,Germany,RnZUeubg,6a8e8126cd0450b6911a836aecc64caefb61a8ef281e25c78bdc7af3e481295e
Germany Space Force,customer75@example.com,Germany,BBDutXOA,e972dda4aa3dd234800d25588d3427508d313c67b794bc33f35f7efb8a4ae47b
France Army,customer76@example.com,France,x3t5NJfE,2f245f8916486aa1705733774d2eeb4d05814e96821af28966691a31551d1231
France Navy,customer77@example.com,France,dwLHuqEX,bcf7eaba72ce93d38a4debe0b850e34f889be55ec6e8da1befcc68e1ef4e09a4
France Air Force,customer78@example.com,France,3jG9FnAS,df9ed8fb492a39138ffb8ae042dcff78859a051e640c616bfbe3f7e6e73c7392
France Marines,customer79@example.com,France,yFJjLv5B,fb3dbf1b63dc4c13799404484216034ee2f6739490876eb5efebf57c49a94e17
France Coast Guard,customer80@example.com,France,Xi9kefmP,4c8f8699ce6136d45c59c248a8ce2f7799497faf9f0ad7f733ae420261f8105d
France Space Force,customer81@example.com,France,auAyn1pM,c8006f3613ccd5eacd075b54a8023d25e2b109ec8d91e999f45f05580d8334b2
Canada Army,customer82@example.com,Canada,m3VfRoPv,deac8a4c7f521412c03d5a9b098073a6339dc66c3b3662f697b941e2f62937a5
Canada Navy,customer83@example.com,Canada,OA3mK7N0,8bb05ad1192d6e5953f4415dbb92f1ea38f0310ac63039a8ec937d4ae68848ce
Canada Air Force,customer84@example.com,Canada,K0miSlX2,04c0579918773bcc5641c0f3f76ea10bab3d990fe371411f812e6f058ac36aea
Canada Marines,customer85@example.com,Canada,IVV2nk7V,2b330ff0671a7553e9e1455c4a537870300cd21c3c05d30c9cf79a512fab58f7
Canada Coast Guard,customer86@example.com,Canada,xCMlcYzm,49f593c79d65e816b002f0fda46ec8061eaa424780e67611c4243dfd2ecf27e7
Canada Space Force,customer87@example.com,Canada,ZlMdPVme,68ef18c7e9bd02a5366f24df23145082393fe8218886c40b73f6c2464e280bcf
Japan Army,customer88@example.com,Japan,FjwH10w2,4bab4e2a57e185434a65d2bbdf949f52799013800e98e2c476abe6b7c6f634cc
Japan Navy,customer89@example.com,Japan,TGNAHf8L,cd630063fe668cdb226dce86eef560f335ad7ddfb7a277e448444bce796da96c
Japan Air Force,customer90@example.com,Japan,lEEHdP9b,8ccce5bb8e2ba813fa919e07219799270cdef7aa44bf03c1185adb996e99f26c
Japan Marines,customer91@example.com,Japan,LezPAwVP,7ad9271ca7cad508ae4ff60ed7b8110fb0b6fd84c4f4c5084dc1ff4bec8b9543
Japan Coast Guard,customer92@example.com,Japan,sxFyFyOn,14ca1a8d1691449f6264d3e8bc2909ee5be7d1dade6b6b7a29d14c452c0ccb89
Japan Space Force,customer93@example.com,Japan,OhmR8UWj,be1f6e862e6ee614fae8c03502f8b0875cf3151f4ec3a83d353358779ecd303e
Australia Army,customer94@example.com,Australia,1ME6XQTB,d585374526b7057f6110cf32568e4ed984703148b71ea05f16e207267f0dcad8
Australia Navy,customer95@example.com,Australia,Uiu084nQ,6d0a70ad892e9b134c04037c9d5938b0af9dbf56d4d94ceeac5e59eb5197ccd4
Australia Air Force,customer96@example.com,Australia,3cVmV8nJ,169bdd20d8ba2638debaceb1764c9ce1a5cf26b9528702b5aa90c6253de20699
Australia Marines,customer97@example.com,Australia,fD4ukr5U,66319f047266ad347f6adaa62f18658098396fa6d126ac16eed1a7136ec59298
Australia Coast Guard,customer98@example.com,Australia,6bSCbhM4,2d3604dc1a0043e759efdcaf52a4c523e84b07d6563df1b9786f6b8d6ef962f8
Australia Space Force,customer99@example.com,Australia,cpEJA3yA,000d2a92b5c9a337739cddd9c1f3e8515e9cd7b4c96a112615ae79c538ab598f
Israel Army,customer100@example.com,Israel,1GeWeuVd,eb57cce9ec483d98041497706da28d1f7cf67233373dda439d1346857b1f478e
Israel Navy,customer101@example.com,Israel,vQEl0XQF,c3b4315e49ca2d8c113d637ccfc4d31939f33c60bda1a1bf7cf3f9456363e48f
Israel Air Force,customer102@example.com,Israel,vk1RWn3K,457d90bc1ef0b82d76451db956a3741c08cb81e85fe26dff1a8da97cf6c7b886
Israel Marines,customer103@example.com,Israel,yVrHmo3u,ba6842c8473ef4a0d30688e9e9aac1ff64d8ce8df08a64ce6afcd444beaee249
Israel Coast Guard,customer104@example.com,Israel,MZqqgVLo,cef69729b4e89a9fc7799b20234276c37f322fff1164a15e84fe75d74869993d
Israel Space Force,customer105@example.com,Israel,hy05C0j9,747b86843aff8fea73f99789c6186c0ed8d95d4beaad2af06a526fab49d3665e
Brazil Army,customer106@example.com,Brazil,m41dez9V,c1e7f58019c18a32c9e71b68d5c46a74ced2aaeb22c36228b6f6c531981b9af3
Brazil Navy,customer107@example.com,Brazil,DB30K1mB,e82525a6efbdfccb2942c3b570f281df8d083570e7616addbd92974175bb5da5
Brazil Air Force,customer108@example.com,Brazil,CZ0ND0st,a283a0dfade415148345f51bf83afde86b80054e084c183ac546adda038955a3
Brazil Marines,customer109@example.com,Brazil,XGXT6vuM,8b4b008af037fe7088f662ed8040b21a224e5769057f5af5d8629f25b93b1f80
Brazil Coast Guard,customer110@example.com,Brazil,mZajkXAB,636a7a60d06d52fb323d2e95570d805fe49ee40b6839c0576d38d16d38437b8b
Brazil Space Force,customer111@example.com,Brazil,1VFq1myG,48da6e88076e6d394ed9c421c60e66a60824e3eacc7cd09110cbe2f3a7b8e9ed
Russia Army,customer112@example.com,Russia,i9GNvWgw,3fe6f98c89c109d1cd31e22fa55beb0da8a48c67e5b6b829a6155fb4eb477fba
Russia Navy,customer113@example.com,Russia,k33xyYIw,2f9bf47d4bd78d64d5a4a4818d294fabec695994f3a6dc207ccb6fa3b992a56d
Russia Air Force,customer114@example.com,Russia,FIOmuPyg,13feb46488905c752fb8c36c08ab426064570de0c217000ac29bd973dee96e11
Russia Marines,customer115@example.com,Russia,CPBZ91iS,98f0409ffa7cff285d1f44e6c72be82c65e97570d1bd87cf4790202196c07f60
Russia Coast Guard,customer116@example.com,Russia,4BQD7JqA,ee5c0f8e7cbab262b71c81942573174c2736ac67cda2b216ed1271513b7d6302
Russia Space Force,customer117@example.com,Russia,wSzqH68p,836a392739e9991593b7c16ae685e651afbb0e168d7072dc71768a8d503cb85d
China Army,customer118@example.com,China,KRaJKlKL,b8ef55b5e2fcf085cc2a97dc8cf52c80222f8085580b7134dffb905ccb6b1764
China Navy,customer119@example.com,China,vHx3QGFX,9e04dcf03008045b2647182766cde1c523a0614d40592780c0d5073dbe2405e4
China Air Force,customer120@example.com,China,omFLTIsv,cdf5febe18d879151244e2737472e0f229f72f305dab5cc1d42f306e75870acc
China Marines,customer121@example.com,China,6sDj4nb0,b11f37a9ba090e31163ed21b3438961878517ef0e27cb0718724771f8010ae64
China Coast Guard,customer122@example.com,China,rSu2kXDd,940788af3cbcc81062ae4ec3a8be0b8104c89f723d542438f12394d43b7ad520
China Space Force,customer123@example.com,China,coPKPV3e,0935a342e42c4d85639c742939f9e1247d08def16d06318dd94cdf792c5ba354
Egypt Army,customer124@example.com,Egypt,IFbb6Nuh,a11f099a3af92fa5df24074772a166ca1610dc5da5679c2688394700d874b87c
Egypt Navy,customer125@example.com,Egypt,UdsDdcAp,9b9917e8aa118327c5ea1afc640d720d267650f81084755f70eb187d17aa5140
Egypt Air Force,customer126@example.com,Egypt,ASiBkCzL,8874eb9b6b913d05163cad14a25891fe3ad1301b62470e2b921c351f5c4205a6
Egypt Marines,customer127@example.com,Egypt,99kcIgI4,f616213f233d843deb66b887102afaea04f7a75eb1c53befd6ebd167571f43e6
Egypt Coast Guard,customer128@example.com,Egypt,cVGnM4v9,97e8893ae087d71491386f126d6fddf300383581b4614d17fd9a0cb0855b390f
Egypt Space Force,customer129@example.com,Egypt,0qG5uMJZ,c5c6659f58d9d9ff93d847de465e9c9989f64625302c8ca64588724d36e76a40
Italy Army,customer130@example.com,Italy,JH2KD8wq,39fbff29356817cfcb95df8de1a50cef7ba371edb62083705ce7d3e5a681ffea
Italy Navy,customer131@example.com,Italy,wmZwE88D,b346a9d688b34021264b11875ff3b7bf51be5311bc2d621ab4cd15e389532807
Italy Air Force,customer132@example.com,Italy,9KOYrkPv,7cbe66073e7d62ecc52f5cfb7d3a6fe894985cd0bb99e539a78e0a084689145b
Italy Marines,customer133@example.com,Italy,GPb1PXFT,4aeb873a4307090445705b179f525f5348e566ecb9d24456557f5807731f3799
Italy Coast Guard,customer134@example.com,Italy,6Kz3YPvX,6f172d323ff56ff8d7b8ee3190a68a8c691e095939da0727284cecfb30d700fa
Italy Space Force,customer135@example.com,Italy,zb4VCG77,79fa2e616604cbb65f70ad18d25afcc4b8ab30dd0a8456bcfb536b66c9cc461d
Spain Army,customer136@example.com,Spain,dB9tnP1D,1225f147f7562fe7339fad8a4503347402d3dab13627b985d25bb44937253dcf
Spain Navy,customer137@example.com,Spain,xYMJWaIi,3e963faee0b33c3793f8cc240eab0dce12385aaf57c599ff8556539422608847
Spain Air Force,customer138@example.com,Spain,KpzDmD6b,d1613f412c126c4bed8351e8178a0bcd3513b4dd582cfd27a8c35eb9d8595d3b
Spain Marines,customer139@example.com,Spain,0Awrs8vJ,c88c915b0e179eedd5e143c4a0f4f670ccd499a6021fdfe43ec6c4fbd10bbcf7
Spain Coast Guard,customer140@example.com,Spain,AUdWu5L4,cd66a78e734c4d0af5c4770668cb634d8d2ef5d34e09806f532e886def394c2e
Spain Space Force,customer141@example.com,Spain,FEKDxBMT,2999e7e81cfebe3278616f4e04dd0570e638ae2a0c9ce33a3fabaee744c296b3
Mexico Army,customer142@example.com,Mexico,wNLEa9cH,6e8c2ff01473f013e3fc0f3cbc929b0f0b9c3debdb916be54d9f581e0ba390eb
Mexico Navy,customer143@example.com,Mexico,WTRlYRET,e8d28391517120eb00ac6f9ed982aa9afaa36f0145ad6e9e2d8ce4041ffbee38
Mexico Air Force,customer144@example.com,Mexico,Umi4OcQz,b52e62475ca2d776fbd07f72e1a89f2a2f656f3080b7607362616cde9ae150bd
Mexico Marines,customer145@example.com,Mexico,oo1zQqtR,6d7c6fa0ed08f24cd9e6768dec295217868a809f2e57a468ec986bd8f58b3c5e
Mexico Coast Guard,customer146@example.com,Mexico,K54FUzQY,f98cdd7db5908abcb90ba99727dd394939d17374071ff6ca9043b51e2251e6d6
Mexico Space Force,customer147@example.com,Mexico,DnmL00ds,584982910182b40522e651c0ca3cee818ebd6f234effb3d36128ee75aa1e8ca9
